ID,ADDRESS,CREATED,DOB,GENDER,MODIFIED,MOTHER_MAIDEN,NAME1,NAME2,NAME3,NAME4,NPWP,PASSPORT_NO,PLACE_OF_BIRTH,VERSION,VILLAGE
1,address_0,2013-06-05 10:32:02.0,2013-06-05 10:31:46.0,M,2013-06-05 10:32:20.0,motherMaiden_0,name1_0,name2_0,name3_0,name4_0,npwp_0,passportNo_0,placeOfBirth_0,0,3573010010
2,address_1,2013-06-05 10:36:18.0,2013-06-05 10:44:01.0,M,2013-06-05 10:43:31.0,motherMaiden_1,name1_1,name2_1,name3_1,name4_1,npwp_1,passportNo_1,placeOfBirth_1,0,3573010010
3,address_2,2013-06-05 10:42:09.0,2013-06-05 10:40:21.0,M,2013-06-05 10:29:32.0,motherMaiden_2,name1_2,name2_2,name3_2,name4_2,npwp_2,passportNo_2,placeOfBirth_2,0,3573010010
4,address_3,2013-06-05 10:38:50.0,2013-06-05 10:41:31.0,M,2013-06-05 10:40:50.0,motherMaiden_3,name1_3,name2_3,name3_3,name4_3,npwp_3,passportNo_3,placeOfBirth_3,0,3573010010
5,address_4,2013-06-05 10:29:33.0,2013-06-05 10:44:25.0,M,2013-06-05 10:30:27.0,motherMaiden_4,name1_4,name2_4,name3_4,name4_4,npwp_4,passportNo_4,placeOfBirth_4,0,3573010010
6,address_5,2013-06-05 10:41:35.0,2013-06-05 10:36:17.0,M,2013-06-05 10:28:55.0,motherMaiden_5,name1_5,name2_5,name3_5,name4_5,npwp_5,passportNo_5,placeOfBirth_5,0,3573010010
7,address_6,2013-06-05 10:35:05.0,2013-06-05 10:44:55.0,M,2013-06-05 10:33:09.0,motherMaiden_6,name1_6,name2_6,name3_6,name4_6,npwp_6,passportNo_6,placeOfBirth_6,0,3573010010
8,address_7,2013-06-05 10:42:15.0,2013-06-05 10:39:43.0,M,2013-06-05 10:34:40.0,motherMaiden_7,name1_7,name2_7,name3_7,name4_7,npwp_7,passportNo_7,placeOfBirth_7,0,3573010010
9,address_8,2013-06-05 10:43:48.0,2013-06-05 10:45:10.0,M,2013-06-05 10:45:35.0,motherMaiden_8,name1_8,name2_8,name3_8,name4_8,npwp_8,passportNo_8,placeOfBirth_8,0,3573010010
10,address_9,2013-06-05 10:34:04.0,2013-06-05 10:32:49.0,M,2013-06-05 10:43:21.0,motherMaiden_9,name1_9,name2_9,name3_9,name4_9,npwp_9,passportNo_9,placeOfBirth_9,0,3573010010
11,address_10,2013-06-05 10:29:39.0,2013-06-05 10:43:26.0,M,2013-06-05 10:33:15.0,motherMaiden_10,name1_10,name2_10,name3_10,name4_10,npwp_10,passportNo_10,placeOfBirth_10,0,3573010010
12,address_11,2013-06-05 10:35:48.0,2013-06-05 10:30:16.0,M,2013-06-05 10:31:24.0,motherMaiden_11,name1_11,name2_11,name3_11,name4_11,npwp_11,passportNo_11,placeOfBirth_11,0,3573010010
13,address_12,2013-06-05 10:40:43.0,2013-06-05 10:35:49.0,M,2013-06-05 10:32:52.0,motherMaiden_12,name1_12,name2_12,name3_12,name4_12,npwp_12,passportNo_12,placeOfBirth_12,0,3573010010
14,address_13,2013-06-05 10:35:01.0,2013-06-05 10:44:01.0,M,2013-06-05 10:39:55.0,motherMaiden_13,name1_13,name2_13,name3_13,name4_13,npwp_13,passportNo_13,placeOfBirth_13,0,3573010010
15,address_14,2013-06-05 10:30:09.0,2013-06-05 10:32:00.0,M,2013-06-05 10:40:04.0,motherMaiden_14,name1_14,name2_14,name3_14,name4_14,npwp_14,passportNo_14,placeOfBirth_14,0,3573010010
16,address_15,2013-06-05 10:40:04.0,2013-06-05 10:40:01.0,M,2013-06-05 10:33:57.0,motherMaiden_15,name1_15,name2_15,name3_15,name4_15,npwp_15,passportNo_15,placeOfBirth_15,0,3573010010
17,address_16,2013-06-05 10:40:52.0,2013-06-05 10:30:42.0,M,2013-06-05 10:30:03.0,motherMaiden_16,name1_16,name2_16,name3_16,name4_16,npwp_16,passportNo_16,placeOfBirth_16,0,3573010010
18,address_17,2013-06-05 10:30:13.0,2013-06-05 10:39:06.0,M,2013-06-05 10:37:15.0,motherMaiden_17,name1_17,name2_17,name3_17,name4_17,npwp_17,passportNo_17,placeOfBirth_17,0,3573010010
19,address_18,2013-06-05 10:36:02.0,2013-06-05 10:35:51.0,M,2013-06-05 10:38:24.0,motherMaiden_18,name1_18,name2_18,name3_18,name4_18,npwp_18,passportNo_18,placeOfBirth_18,0,3573010010
20,address_19,2013-06-05 10:36:59.0,2013-06-05 10:41:22.0,M,2013-06-05 10:32:57.0,motherMaiden_19,name1_19,name2_19,name3_19,name4_19,npwp_19,passportNo_19,placeOfBirth_19,0,3573010010
21,address_20,2013-06-05 10:43:55.0,2013-06-05 10:40:36.0,M,2013-06-05 10:36:02.0,motherMaiden_20,name1_20,name2_20,name3_20,name4_20,npwp_20,passportNo_20,placeOfBirth_20,0,3573010010
22,address_21,2013-06-05 10:40:39.0,2013-06-05 10:44:43.0,M,2013-06-05 10:35:38.0,motherMaiden_21,name1_21,name2_21,name3_21,name4_21,npwp_21,passportNo_21,placeOfBirth_21,0,3573010010
23,address_22,2013-06-05 10:33:37.0,2013-06-05 10:39:44.0,M,2013-06-05 10:39:39.0,motherMaiden_22,name1_22,name2_22,name3_22,name4_22,npwp_22,passportNo_22,placeOfBirth_22,0,3573010010
24,address_23,2013-06-05 10:45:10.0,2013-06-05 10:40:35.0,M,2013-06-05 10:29:35.0,motherMaiden_23,name1_23,name2_23,name3_23,name4_23,npwp_23,passportNo_23,placeOfBirth_23,0,3573010010
25,address_24,2013-06-05 10:40:59.0,2013-06-05 10:43:42.0,M,2013-06-05 10:44:25.0,motherMaiden_24,name1_24,name2_24,name3_24,name4_24,npwp_24,passportNo_24,placeOfBirth_24,0,3573010010
